{"zone_hour_avg_fare": 25.447593016783948, "zone_hour_ride_count": 3901.6371834397623, "zone_hour_fare_std": 11.923727913515142}